{"discrepancy": 0.002452176914483628, "min_distance": 28.864495594541395}