{"discrepancy": 0.010273246064797625, "min_distance": 7.24182921927397}