{"discrepancy": 0.0034914217592836305, "min_distance": 10.436327437363872}