{
  "C_EL": 0.3,
  "C_EL_GRID": [
    0.1,
    0.2,
    0.3,
    0.5
  ],
  "ratios": [
    0.1,
    0.11721022975334802,
    0.1373823795883263,
    0.16102620275609392,
    0.18873918221350972,
    0.2212216291070449,
    0.2592943797404667,
    0.30391953823131973,
    0.3562247890262442,
    0.41753189365604015,
    0.4893900918477494,
    0.5736152510448679,
    0.6723357536499337,
    0.7880462815669912,
    0.9236708571873861,
    1.0826367338740546,
    1.2689610031679222,
    1.487352107293511,
    1.743328822199988,
    2.0433597178569416,
    2.395026619987486,
    2.807216203941177,
    3.2903445623126677,
    3.856620421163472,
    4.520353656360243,
    5.298316906283707,
    6.2101694189156165,
    7.27895384398315,
    8.531678524172806,
    10.0
  ],
  "opex_2dof_grid": [
    [
      5012.622164505398,
      5247.883472508122,
      5537.186957489164,
      5872.218678698145,
      6275.506481440391,
      6757.471011703338,
      7310.129993635725,
      7984.709000906137,
      8748.366574611271,
      9639.737203498169,
      10651.145658479945,
      11818.966156590495,
      13250.302557873794,
      14814.45486787501,
      16378.873510105448,
      17661.22288905186,
      19126.71338638018,
      20844.418165312185,
      22857.743883182637,
      25217.567582781827,
      27983.522362856,
      31225.504315454647,
      35025.43881065759,
      39479.35076296171,
      44699.79119526917,
      50818.681420113426,
      57990.64671100855,
      66396.92370629706,
      76249.94028617759,
      87798.68365709105
    ],
    [
      10029.17054806678,
      10503.566088157853,
      11109.597445086918,
      11759.145852205085,
      12576.737496704383,
      13522.301701699653,
      14622.615959117267,
      15923.592178374141,
      17457.71058701722,
      19279.474406996338,
      21302.29131695989,
      23637.93231318099,
      26500.60511574759,
      29628.90973575002,
      32712.01451390051,
      35322.44577810372,
      38253.42677276036,
      41688.83633062437,
      45715.48776636527,
      50435.13516556365,
      55967.044725712,
      62451.008630909295,
      70050.87762131519,
      78958.70152592342,
      89399.58239053834,
      101637.36284022685,
      115981.2934220171,
      132793.84741259413,
      152499.88057235518,
      175597.3673141821
    ],
    [
      15030.118313386447,
      15775.017381487123,
      16614.476746395347,
      17675.59050828108,
      18872.597596280626,
      20289.67650479386,
      21952.446030460716,
      23945.3288603518,
      26202.36846422775,
      28894.44693566325,
      31888.50204534371,
      35542.554525856074,
      39734.923206022235,
      44439.52193213966,
      49061.26444060677,
      52983.66866715558,
      57380.140159140545,
      62533.254495936555,
      68573.2316495479,
      75652.70274834547,
      83950.567088568,
      93676.51294636393,
      105076.31643197277,
      118438.05228888511,
      134099.3735858075,
      152456.04426034028,
      173971.94013302564,
      199190.77111889122,
      228749.82085853277,
      263396.05097127316
    ],
    [
      25071.238886617193,
      26313.392399981956,
      27742.354259962773,
      29429.61238430376,
      31462.7249563854,
      33727.28034652242,
      36609.63010948741,
      39879.094292428825,
      43594.20560219152,
      48107.27080932062,
      53221.81591774149,
      59322.46777274551,
      66214.76140827025,
      74063.75131428317,
      81768.77406767796,
      88306.1144452593,
      95633.5669319009,
      104222.09082656093,
      114288.71941591318,
      126087.83791390913,
      139917.61181427998,
      156127.52157727323,
      175127.19405328797,
      197396.75381480853,
      223498.95597634584,
      254093.40710056713,
      289953.23355504277,
      331984.6185314853,
      381249.7014308879,
      438993.4182854552
    ]
  ],
  "opex_raw": [
    49992.27041554359,
    52533.19646176255,
    55534.27738451513,
    58903.98808548728,
    62945.6356520324,
    67629.00331821413,
    73185.44090460624,
    79787.30966442375,
    87188.41120438304,
    96214.54161864123,
    106228.38795683233,
    118644.93554549103,
    132429.5228165405,
    148127.50262856635,
    163537.54813535593,
    176612.2288905186,
    191267.1338638018,
    208444.18165312186,
    228577.43883182635,
    252175.67582781825,
    279835.22362855996,
    312255.04315454647,
    350254.38810657593,
    394793.50762961706,
    446997.9119526917,
    508186.81420113426,
    579906.4671100855,
    663969.2370629706,
    762499.4028617758,
    877986.8365709104
  ]
}