{
  "C_EL_VALS": [
    0.1,
    0.18,
    0.26,
    0.33999999999999997,
    0.42000000000000004,
    0.5
  ],
  "C_EL_REF": 0.3,
  "ratios": [
    0.1,
    0.11721022975334802,
    0.1373823795883263,
    0.16102620275609392,
    0.18873918221350972,
    0.2212216291070449,
    0.2592943797404667,
    0.30391953823131973,
    0.3562247890262442,
    0.41753189365604015,
    0.4893900918477494,
    0.5736152510448679,
    0.6723357536499337,
    0.7880462815669912,
    0.9236708571873861,
    1.0826367338740546,
    1.2689610031679222,
    1.487352107293511,
    1.743328822199988,
    2.0433597178569416,
    2.395026619987486,
    2.807216203941177,
    3.2903445623126677,
    3.856620421163472,
    4.520353656360243,
    5.298316906283707,
    6.2101694189156165,
    7.27895384398315,
    8.531678524172806,
    10.0
  ],
  "opex_grid": [
    [
      5012.622164505398,
      5247.883472508122,
      5537.186957489164,
      5872.218678698145,
      6275.506481440391,
      6757.471011703338,
      7310.129993635725,
      7984.709000906137,
      8748.366574611271,
      9639.737203498169,
      10651.145658479945,
      11818.966156590495,
      13250.302557873794,
      14814.45486787501,
      16378.873510105448,
      17661.22288905186,
      19126.71338638018,
      20844.418165312185,
      22857.743883182637,
      25217.567582781827,
      27983.522362856,
      31225.504315454647,
      35025.43881065759,
      39479.35076296171,
      44699.79119526917,
      50818.681420113426,
      57990.64671100855,
      66396.92370629706,
      76249.94028617759,
      87798.68365709105
    ],
    [
      9018.585916709419,
      9475.685212775748,
      9992.760141518918,
      10612.683509433451,
      11315.181066269346,
      12170.70563620961,
      13157.99120786737,
      14318.282713159371,
      15702.3180465872,
      17338.60878865198,
      19133.59198096454,
      21296.175176318662,
      23848.026626508763,
      26666.402686079215,
      29436.758664364064,
      31790.201200293348,
      34428.08409548432,
      37519.95269756194,
      41143.93898972874,
      45391.621649007284,
      50370.34025314081,
      56205.90776781835,
      63045.78985918366,
      71062.83137333106,
      80459.6241514845,
      91473.62655620417,
      104383.16407981538,
      119514.46267133472,
      137249.89251511966,
      158037.63058276387
    ],
    [
      12991.806896083162,
      13666.590513209023,
      14440.082594537056,
      15318.726752647783,
      16367.958658649943,
      17588.309232865817,
      18968.44387622894,
      20705.409752481395,
      22746.305464415855,
      25066.735692011243,
      27656.28720563111,
      30803.547255741927,
      34428.321366148935,
      38519.08336127167,
      42519.762515192546,
      45919.179511534836,
      49729.45480458847,
      54195.48722981168,
      59430.13409627485,
      65565.67571523275,
      72757.15814342561,
      81186.31122018208,
      91066.14090770975,
      102646.31198370043,
      116219.45710769985,
      132128.5716922949,
      150775.68144862223,
      172632.00163637238,
      198249.84474406176,
      228276.57750843675
    ],
    [
      17035.5327697886,
      17893.358991003544,
      18856.78417198597,
      20016.20429917294,
      21361.6467376533,
      22931.507471795776,
      24874.141093612736,
      27134.65682750148,
      29627.536213463864,
      32710.37746313821,
      36094.67062479962,
      40286.93678171066,
      45033.41508288158,
      50370.202940326526,
      55602.76636602101,
      60048.157822776324,
      65030.8255136926,
      70871.02176206143,
      77716.32920282095,
      85739.7297814582,
      95143.9760337104,
      106166.71467254579,
      119086.49195623581,
      134229.7925940698,
      151979.29006391516,
      172783.51682838562,
      197168.19881742905,
      225749.54060141,
      259249.79697300377,
      298515.5244341095
    ],
    [
      21038.657112576253,
      22058.95887630241,
      23256.73575211721,
      24719.87168214955,
      26401.536322270025,
      28396.605016480094,
      30774.93353161213,
      33474.577027535735,
      36741.31287812143,
      40366.6862114348,
      44760.6523539879,
      49830.87292910625,
      55636.619781162626,
      62219.55849445707,
      68685.77021684949,
      74177.13613401783,
      80332.19622279677,
      87546.55629431119,
      96002.52430936709,
      105913.78384768366,
      117530.79392399522,
      131147.11812490952,
      147106.8430047619,
      165813.27320443917,
      187739.12302013053,
      213438.4619644764,
      243560.71618623595,
      278867.0795664477,
      320249.7492019459,
      368754.47135978244
    ],
    [
      25071.238886617193,
      26313.392399981956,
      27742.354259962773,
      29429.61238430376,
      31462.7249563854,
      33727.28034652242,
      36609.63010948741,
      39879.094292428825,
      43594.20560219152,
      48107.27080932062,
      53221.81591774149,
      59322.46777274551,
      66214.76140827025,
      74063.75131428317,
      81768.77406767796,
      88306.1144452593,
      95633.5669319009,
      104222.09082656093,
      114288.71941591318,
      126087.83791390913,
      139917.61181427998,
      156127.52157727323,
      175127.19405328797,
      197396.75381480853,
      223498.95597634584,
      254093.40710056713,
      289953.23355504277,
      331984.6185314853,
      381249.7014308879,
      438993.4182854552
    ]
  ],
  "opex_raw": [
    49992.27041554359,
    52533.19646176255,
    55534.27738451513,
    58903.98808548728,
    62945.6356520324,
    67629.00331821413,
    73185.44090460624,
    79787.30966442375,
    87188.41120438304,
    96214.54161864123,
    106228.38795683233,
    118644.93554549103,
    132429.5228165405,
    148127.50262856635,
    163537.54813535593,
    176612.2288905186,
    191267.1338638018,
    208444.18165312186,
    228577.43883182635,
    252175.67582781825,
    279835.22362855996,
    312255.04315454647,
    350254.38810657593,
    394793.50762961706,
    446997.9119526917,
    508186.81420113426,
    579906.4671100855,
    663969.2370629706,
    762499.4028617758,
    877986.8365709104
  ]
}