{
  "info": {
    "MILP_mip_gap": 0.001
  },
  "cG=0.0800_cel=0.0800": {
    "c_G": 0.08,
    "c_el": 0.08,
    "MILP": 13608.724584449736,
    "LP": 13920.591969165795,
    "LP_binary": 13554.43219756575
  },
  "cG=0.1000_cel=0.2500": {
    "c_G": 0.1,
    "c_el": 0.25,
    "MILP": 23271.860356213743,
    "LP": 27171.942136599402,
    "LP_binary": 23245.498237544165
  },
  "cG=0.1600_cel=0.3000": {
    "c_G": 0.16,
    "c_el": 0.3,
    "MILP": 33567.36560452506,
    "LP": 39362.342704192844,
    "LP_binary": 33439.86523012577
  },
  "cG=0.2200_cel=0.1200": {
    "c_G": 0.22,
    "c_el": 0.12,
    "MILP": 28278.784288252602,
    "LP": 29135.634156335967,
    "LP_binary": 28278.784288252602
  },
  "cG=0.2800_cel=0.5000": {
    "c_G": 0.28,
    "c_el": 0.5,
    "MILP": 57822.68782910444,
    "LP": 67855.90855374592,
    "LP_binary": 57581.531165233864
  }
}