{
  "info": {
    "MILP_mip_gap": 0.01
  },
  "cG=0.0800_cel=0.0800": {
    "c_G": 0.08,
    "c_el": 0.08,
    "MILP": 13678.210938358428,
    "LP_lower": 13554.432197565799,
    "LP_upper": 13609.010198953682,
    "LP_approx": 13502.295430494638
  },
  "cG=0.1000_cel=0.2500": {
    "c_G": 0.1,
    "c_el": 0.25,
    "MILP": 23400.49653112473,
    "LP_lower": 23245.49823754416,
    "LP_upper": 24377.656689018306,
    "LP_approx": 24151.578638438314
  },
  "cG=0.1600_cel=0.3000": {
    "c_G": 0.16,
    "c_el": 0.3,
    "MILP": 33864.64052305326,
    "LP_lower": 33439.86523012575,
    "LP_upper": 34525.91422138377,
    "LP_approx": 34342.17604240175
  },
  "cG=0.2200_cel=0.1200": {
    "c_G": 0.22,
    "c_el": 0.12,
    "MILP": 28278.784288252602,
    "LP_lower": 28278.784288252653,
    "LP_upper": 28278.784288252653,
    "LP_approx": 27985.31867499028
  },
  "cG=0.2800_cel=0.5000": {
    "c_G": 0.28,
    "c_el": 0.5,
    "MILP": 58311.01763350217,
    "LP_lower": 57581.53116523385,
    "LP_upper": 59281.801769568294,
    "LP_approx": 59023.720629428164
  }
}