{"discrepancy": 0.0020843903753853255, "min_distance": 30.865348950637}