{"discrepancy": 0.0019220315428587487, "min_distance": 21.290477447518874}