model,r2_relative_to_MILP,delta_to_milp
MILP_pred,0.9128842944990141,0.0
LP_Upper,0.9446350820758936,0.03175078757687955
LP_Lower,0.9012077852859707,-0.011676509213043418
LP_Approx,0.9025262562915437,-0.010358038207470388
