{
  "timestamp": "2026-06-17T13:25:02.771884",
  "objective_value": 5908.564288031874,
  "gas_price": 0.025,
  "electricity_price": 0.065,
  "solver_status": "ok",
  "solver_termination_condition": "optimal",
  "mip_gap": 0.09105288653124373,
  "solve_time": 1.5769999027252197,
  "num_variables": 3697,
  "num_constraints": 4371,
  "num_binary_variables": 1008,
  "num_nonzeros": 10756
}