{
  "timestamp": "2026-06-17T13:31:42.825210",
  "objective_value": 34637.81877841525,
  "gas_price": 0.2768296530470252,
  "electricity_price": 0.14065636017080396,
  "solver_status": "ok",
  "solver_termination_condition": "optimal",
  "mip_gap": 2.100581927727354e-14,
  "solve_time": 0.0279998779296875,
  "num_variables": 3697,
  "num_constraints": 4371,
  "num_binary_variables": 1008,
  "num_nonzeros": 10756
}