{
  "timestamp": "2026-06-17T13:29:09.445173",
  "objective_value": 40615.14212503255,
  "gas_price": 0.2971649574418552,
  "electricity_price": 0.1885231865812093,
  "solver_status": "ok",
  "solver_termination_condition": "optimal",
  "mip_gap": 7.165758614641411e-14,
  "solve_time": 0.026000022888183594,
  "num_variables": 3697,
  "num_constraints": 4371,
  "num_binary_variables": 1008,
  "num_nonzeros": 10756
}