{
  "timestamp": "2026-06-17T13:27:03.367386",
  "objective_value": 19514.929181835614,
  "gas_price": 0.025,
  "electricity_price": 0.45,
  "solver_status": "aborted",
  "solver_termination_condition": "maxTimeLimit",
  "mip_gap": 0.29348237227671525,
  "solve_time": 120.0220000743866,
  "num_variables": 3697,
  "num_constraints": 4371,
  "num_binary_variables": 1008,
  "num_nonzeros": 10756
}