{
  "timestamp": "2026-06-17T13:31:42.425350",
  "objective_value": 35305.148309236494,
  "gas_price": 0.16486028033075853,
  "electricity_price": 0.3288758696457371,
  "solver_status": "ok",
  "solver_termination_condition": "optimal",
  "mip_gap": 0.062410263921685055,
  "solve_time": 1.1380000114440918,
  "num_variables": 3697,
  "num_constraints": 4371,
  "num_binary_variables": 1008,
  "num_nonzeros": 10756
}