{
  "timestamp": "2026-06-17T13:29:26.470198",
  "objective_value": 27151.840442946726,
  "gas_price": 0.1295041227871552,
  "electricity_price": 0.24240988690010273,
  "solver_status": "ok",
  "solver_termination_condition": "optimal",
  "mip_gap": 0.07072883515919848,
  "solve_time": 0.9909999370574951,
  "num_variables": 3697,
  "num_constraints": 4371,
  "num_binary_variables": 1008,
  "num_nonzeros": 10756
}