{
  "timestamp": "2026-06-17T13:29:23.490638",
  "objective_value": 25036.061543979657,
  "gas_price": 0.0978375344951637,
  "electricity_price": 0.30859440134465693,
  "solver_status": "ok",
  "solver_termination_condition": "optimal",
  "mip_gap": 0.09893614218502969,
  "solve_time": 11.33899998664856,
  "num_variables": 3697,
  "num_constraints": 4371,
  "num_binary_variables": 1008,
  "num_nonzeros": 10756
}