{
  "timestamp": "2026-06-17T13:25:02.987425",
  "objective_value": 30720.49326120514,
  "gas_price": 0.315,
  "electricity_price": 0.065,
  "solver_status": "ok",
  "solver_termination_condition": "optimal",
  "mip_gap": 7.105313269860564e-14,
  "solve_time": 0.032000064849853516,
  "num_variables": 3697,
  "num_constraints": 4371,
  "num_binary_variables": 1008,
  "num_nonzeros": 10756
}