{
  "timestamp": "2026-06-17T13:29:10.742898",
  "objective_value": 37243.84307141337,
  "gas_price": 0.18777854409161956,
  "electricity_price": 0.293282897019526,
  "solver_status": "ok",
  "solver_termination_condition": "optimal",
  "mip_gap": 0.09065952570949305,
  "solve_time": 1.055999994277954,
  "num_variables": 3697,
  "num_constraints": 4371,
  "num_binary_variables": 1008,
  "num_nonzeros": 10756
}