{
  "timestamp": "2026-06-17T13:29:27.593575",
  "objective_value": 24159.284343271862,
  "gas_price": 0.10289824593579397,
  "electricity_price": 0.26306212139665147,
  "solver_status": "ok",
  "solver_termination_condition": "optimal",
  "mip_gap": 0.08485084827873761,
  "solve_time": 0.9230000972747803,
  "num_variables": 3697,
  "num_constraints": 4371,
  "num_binary_variables": 1008,
  "num_nonzeros": 10756
}