{
  "timestamp": "2026-06-17T13:29:25.080346",
  "objective_value": 49041.62264925698,
  "gas_price": 0.24117502647312358,
  "electricity_price": 0.4099421913137194,
  "solver_status": "ok",
  "solver_termination_condition": "optimal",
  "mip_gap": 0.06568858973382413,
  "solve_time": 1.0890002250671387,
  "num_variables": 3697,
  "num_constraints": 4371,
  "num_binary_variables": 1008,
  "num_nonzeros": 10756
}