{
  "timestamp": "2026-06-17T13:29:09.067943",
  "objective_value": 34960.96847316045,
  "gas_price": 0.1509986201869324,
  "electricity_price": 0.37248008587397635,
  "solver_status": "ok",
  "solver_termination_condition": "optimal",
  "mip_gap": 0.09934944303093306,
  "solve_time": 0.9699997901916504,
  "num_variables": 3697,
  "num_constraints": 4371,
  "num_binary_variables": 1008,
  "num_nonzeros": 10756
}