{
  "timestamp": "2026-06-17T13:23:35.716634",
  "objective_value": 18753.404681808635,
  "gas_price": 0.048350207040002424,
  "electricity_price": 0.33327357382867956,
  "solver_status": "aborted",
  "solver_termination_condition": "maxTimeLimit",
  "mip_gap": 0.1517547727128617,
  "solve_time": 120.03800010681152,
  "num_variables": 3697,
  "num_constraints": 4371,
  "num_binary_variables": 1008,
  "num_nonzeros": 10756
}