{
  "timestamp": "2026-06-17T13:20:36.079146",
  "objective_value": 34683.0534601556,
  "gas_price": 0.18995226527046544,
  "electricity_price": 0.22161361028499674,
  "solver_status": "ok",
  "solver_termination_condition": "optimal",
  "mip_gap": 0.07179273332210451,
  "solve_time": 1.133000135421753,
  "num_variables": 3697,
  "num_constraints": 4371,
  "num_binary_variables": 1008,
  "num_nonzeros": 10756
}