{
  "timestamp": "2026-06-17T13:24:57.771858",
  "objective_value": 42743.295211402336,
  "gas_price": 0.19766257293744252,
  "electricity_price": 0.40558527414572876,
  "solver_status": "ok",
  "solver_termination_condition": "optimal",
  "mip_gap": 0.06324238510267002,
  "solve_time": 1.0699999332427979,
  "num_variables": 3697,
  "num_constraints": 4371,
  "num_binary_variables": 1008,
  "num_nonzeros": 10756
}