{
  "timestamp": "2026-06-17T13:21:35.064765",
  "objective_value": 16284.33802527408,
  "gas_price": 0.10654203576012262,
  "electricity_price": 0.08642604110506837,
  "solver_status": "ok",
  "solver_termination_condition": "optimal",
  "mip_gap": 2.5691407422654906e-13,
  "solve_time": 0.026000022888183594,
  "num_variables": 3697,
  "num_constraints": 4371,
  "num_binary_variables": 1008,
  "num_nonzeros": 10756
}