{
  "timestamp": "2026-06-17T13:23:49.946856",
  "objective_value": 24333.379252433144,
  "gas_price": 0.16522537159928555,
  "electricity_price": 0.12396640141723662,
  "solver_status": "ok",
  "solver_termination_condition": "optimal",
  "mip_gap": 5.980227849739277e-14,
  "solve_time": 0.025999784469604492,
  "num_variables": 3697,
  "num_constraints": 4371,
  "num_binary_variables": 1008,
  "num_nonzeros": 10756
}