{
  "timestamp": "2026-06-17T13:12:20.761661",
  "objective_value": 5908.564288031874,
  "gas_price": 0.025,
  "electricity_price": 0.065,
  "solver_status": "ok",
  "solver_termination_condition": "optimal",
  "mip_gap": 0.09105288653124373,
  "solve_time": 1.4860000610351562,
  "num_variables": 3697,
  "num_constraints": 4371,
  "num_binary_variables": 1008,
  "num_nonzeros": 10756
}