{
  "timestamp": "2026-06-17T13:14:23.047396",
  "objective_value": 19315.85322596309,
  "gas_price": 0.17,
  "electricity_price": 0.065,
  "solver_status": "ok",
  "solver_termination_condition": "optimal",
  "mip_gap": 3.766832108872918e-14,
  "solve_time": 0.026000022888183594,
  "num_variables": 3697,
  "num_constraints": 4371,
  "num_binary_variables": 1008,
  "num_nonzeros": 10756
}