{
  "timestamp": "2026-06-17T13:16:25.705492",
  "objective_value": 48326.531247029896,
  "gas_price": 0.315,
  "electricity_price": 0.2575,
  "solver_status": "ok",
  "solver_termination_condition": "optimal",
  "mip_gap": 1.3550241831535444e-13,
  "solve_time": 0.02700018882751465,
  "num_variables": 3697,
  "num_constraints": 4371,
  "num_binary_variables": 1008,
  "num_nonzeros": 10756
}