{
  "timestamp": "2026-06-17T13:24:59.570346",
  "objective_value": 32680.323312523215,
  "gas_price": 0.23284615513744938,
  "electricity_price": 0.1570780306357798,
  "solver_status": "ok",
  "solver_termination_condition": "optimal",
  "mip_gap": 1.0018814364446228e-13,
  "solve_time": 0.0280001163482666,
  "num_variables": 3697,
  "num_constraints": 4371,
  "num_binary_variables": 1008,
  "num_nonzeros": 10756
}