{
  "timestamp": "2026-06-17T13:24:59.078454",
  "objective_value": 17047.408334421052,
  "gas_price": 0.07720485457988059,
  "electricity_price": 0.16808827937331858,
  "solver_status": "ok",
  "solver_termination_condition": "optimal",
  "mip_gap": 0.05100881564274287,
  "solve_time": 1.1159999370574951,
  "num_variables": 3697,
  "num_constraints": 4371,
  "num_binary_variables": 1008,
  "num_nonzeros": 10756
}