{
  "timestamp": "2026-06-17T13:20:38.784420",
  "objective_value": 24546.755526028166,
  "gas_price": 0.12523204031931587,
  "electricity_price": 0.18761283205013182,
  "solver_status": "ok",
  "solver_termination_condition": "optimal",
  "mip_gap": 0.09594322593285105,
  "solve_time": 0.9570000171661377,
  "num_variables": 3697,
  "num_constraints": 4371,
  "num_binary_variables": 1008,
  "num_nonzeros": 10756
}