{
  "timestamp": "2026-06-17T13:24:59.368998",
  "objective_value": 50909.437898894,
  "gas_price": 0.3065464352192447,
  "electricity_price": 0.29301065468363763,
  "solver_status": "ok",
  "solver_termination_condition": "optimal",
  "mip_gap": 5.716784874846555e-14,
  "solve_time": 0.0280001163482666,
  "num_variables": 3697,
  "num_constraints": 4371,
  "num_binary_variables": 1008,
  "num_nonzeros": 10756
}