{
  "timestamp": "2026-06-17T13:23:44.487547",
  "objective_value": 24033.58173152566,
  "gas_price": 0.09625867039576351,
  "electricity_price": 0.28664129197545923,
  "solver_status": "ok",
  "solver_termination_condition": "optimal",
  "mip_gap": 0.09602356328904639,
  "solve_time": 8.536999940872192,
  "num_variables": 3697,
  "num_constraints": 4371,
  "num_binary_variables": 1008,
  "num_nonzeros": 10756
}