{
  "timestamp": "2026-06-17T13:18:33.822564",
  "objective_value": 23904.638988451356,
  "gas_price": 0.1370066382723632,
  "electricity_price": 0.14404017829151952,
  "solver_status": "ok",
  "solver_termination_condition": "optimal",
  "mip_gap": 0.09992594094741386,
  "solve_time": 0.21000003814697266,
  "num_variables": 3697,
  "num_constraints": 4371,
  "num_binary_variables": 1008,
  "num_nonzeros": 10756
}